x,y,direction
200.0,200.0,360.0
203.04681408796282,198.34562496460185,331.4986934661865
206.5380154224819,198.2659448428625,358.6925582885742
210.0199510065809,198.52567291438342,4.265964508056641
213.50646980971155,198.44186469771773,358.6230010986328
216.6158162513237,200.04134921567308,27.221824645996094
219.2036551600403,202.3453591216095,41.679375648498535
220.4570009212309,205.54888409378123,68.63259601593018
220.24427196387268,209.0291973231354,93.4977674484253
218.6900552735362,212.15536340117367,116.43490314483643
218.81463633673314,215.64557661800313,87.9557294845581
217.2870519991038,218.76157348218035,116.11591243743896
214.44631099073732,220.77587141950048,144.66050624847412
210.99414159979398,221.18647935615914,173.21699237823486
207.66316615075752,220.14320535313664,197.39075183868408
204.1768021676286,220.16357556964883,179.66523456573486
200.73564763198007,219.58042895260462,189.61811065673828
197.39261741927686,218.591200492943,196.4838924407959
194.6850443759316,216.38831265170785,219.13188362121582
191.75377109601402,214.5046657571844,212.72494792938232
189.97472780914478,211.5199330399222,239.2030382156372
187.70100549183115,208.8653641557495,229.4188985824585
185.39325510243978,206.3436492355931,227.53677213191986
182.56503388259696,204.28896049340446,215.99821984767914
179.1779659847575,203.4491182036831,193.92594277858734
175.80645605280506,204.26662761159238,166.3702176809311
172.33678655353344,203.89890187891268,186.04979074001312
169.11215371059043,202.5565825352123,202.6005185842514
165.66125330760198,201.994188614949,189.25613152980804
162.57051783269833,200.40920628152375,207.1495317220688
159.12855429159154,200.49610787338824,178.55372178554535
155.97732027114833,201.98510043630301,154.70875298976898
152.52071874112312,202.18350203937854,176.71494805812836
149.33595419938874,203.60272102341628,155.98092782497406
147.10727549627111,206.2867614885266,129.70436418056488
146.21033282739842,209.65877036743044,104.89556443691254
145.3418848300329,213.0277385212793,104.45493575930595
144.35983956966746,216.37716502187413,106.3410333096981
143.42071989120956,219.73856621948897,105.60948076844215
141.1418543495335,222.38113430818,130.77342501282692
139.99772769021146,225.4480024941835,110.4585465490818
138.33876753492876,228.5239948294518,118.33910313248634
135.4368880481946,230.41293408514184,146.93842831254005
131.9532062832768,230.68856844105647,175.4760927259922
128.75906215125312,229.26357035213255,204.04300251603127
125.31041564009253,229.0389319753824,183.72687473893166
122.06659395095951,227.76418079677885,201.45374432206154
118.59306858397262,227.61205423346217,182.50772419571877
115.11039124889217,227.53632987530315,181.24559417366982
112.00243438142182,229.1431716713196,152.66062751412392
109.98961831305779,231.93083989077866,125.83090034127235
109.47491048453936,235.38585862041705,98.47326293587685
110.6477776098597,238.67915949010367,70.39729133248329
113.1754856112381,241.08098908786613,43.53723922371864
114.24271768199087,244.39234622380084,72.13615623116493
113.6569377431766,247.73080611920372,99.95204558968544
114.40713387165023,251.12327771850514,77.53053680062294
115.7883854708516,254.2675571265828,66.28457942605019
115.50408141572251,257.73475315650074,94.68766704201698
115.48784176750851,261.2230061414064,90.26673999428749
117.07994382157923,264.2893053832484,62.560490757226944
119.9479967795055,266.2892773724632,34.88912120461464
123.34571140137305,267.0979129192767,13.38700595498085
126.79450119426008,267.677553675109,9.540579229593277
129.77191416360074,269.5036138101398,31.5209678709507
133.16841889236846,270.3007126877935,13.20728912949562
136.6287585515412,269.8199029202202,352.0894741117954
140.00643729194363,270.57123081458525,12.540649801492691
143.36398691837184,269.6739342220989,345.03751984238625
145.90531783166847,267.2908966725986,316.841133505106
147.7778554326924,264.53260710947467,304.1716560423374
149.28492730154306,261.37990309781765,295.5489734709263
149.91741764251546,257.957891950304,280.47180023789406
150.58855207886296,254.5434477968103,281.1201502382755
152.10294604172222,251.63808974928543,297.53040757775307
154.6783086994037,249.27923488647272,317.51246133446693
155.90915992475945,246.02584377347762,290.72306886315346
158.54103658116964,243.76331673125648,319.31556954979897
159.88165854396487,240.54167291027574,292.59364953637123
162.57091582303383,238.37200694257098,321.1037565767765
164.09400014498948,235.22375702162367,295.8171221315861
165.0324861800869,231.85413514058413,285.5632511675358
167.3291202696883,229.27044547802427,311.63380017876625
168.20334963715825,225.8960160192388,284.52454724907875
169.92058533491988,222.85426092954737,299.44708409905434
172.8413860630181,220.93930156564144,326.7500206530094
176.12432854712299,220.57030538719036,353.58698430657387
179.08851192756964,218.7137063578913,327.93926778435707
180.82139041655827,215.68329076208434,299.76215901970863
182.07335306369814,212.41861693184836,290.9812103807926
184.69435471372938,210.18648237730665,319.5811497271061
187.82965673837072,208.74267672273916,335.27394357323647
189.91348086355646,205.94678856447453,306.6978041231632
193.08657774064378,204.48717783170798,335.29777589440346
196.55185126782806,204.71020730654567,3.6825510561466217
199.45530247519355,206.54393031230498,32.27514138817787
201.1449194516399,209.56663493015503,60.79589143395424
203.7026486473022,211.93885573267704,42.845041900873184
207.07201949953767,212.82684496903232,14.764437347650528
210.44230445817507,211.99803275254305,346.1841150820255
212.98235300311165,209.6775880222018,317.58694329857826
216.35273681838908,208.84883335544617,346.1854273378849
219.7161867033017,209.73651429992464,14.784380584955215
222.65252926710244,211.53726661604097,31.519278198480606
226.09125137484835,211.96442064217226,7.080942779779434
229.38119954622016,213.1421992879738,19.697015434503555
232.8281520793164,212.60242281037674,351.1000305712223
235.41745022085945,210.70856287146464,323.81758084893227
236.90143155454626,207.55979299977696,295.23399701714516
236.8089299018073,204.07629355586997,268.4789120256901
237.77947345666306,200.73819814714395,286.2116676867008
239.9776367139182,198.1358129050984,310.18686071038246
242.74411398056543,196.4296742721135,328.3370834887028
244.48521020142346,193.39995939978257,299.8848320543766
245.3243254418687,190.01855134464702,283.93673864006996
246.10306439340803,186.62048925913894,282.90767124295235
247.9355306043532,183.6677078346534,301.8233187496662
248.71752202297736,180.29661099700544,283.0598891079426
250.14142430103317,177.11688615162825,294.1231577694416
252.30688543126104,174.39779030726257,308.5334704220295
255.0171631727979,172.21115262560596,321.10359504818916
256.36310400171175,168.9908244127133,292.6825592815876
259.04746474445324,166.83888438942324,321.28230407834053
262.47896374784983,166.22623535052392,349.87724807858467
265.802786177653,167.3117653541893,18.08656433224678
268.00967718859545,169.59872230803268,46.02071884274483
268.9478930538774,172.94205305280772,74.32465294003487
271.27733600099856,175.52954410131653,48.00421264767647
274.1036763130892,177.40549798486634,33.57380321621895
275.71063954009014,180.42844353398266,62.005399972200394
275.6818861903464,183.8933265294797,90.4754584133625
277.2918476491586,186.9910537107219,62.53804233670235
280.1621456876455,188.92427096448208,33.96124866604805
283.61891652467614,189.35247070250213,7.061414986848831
286.4774473285824,191.32870778411282,34.65793254971504
288.01738995807455,194.37513315647175,63.18378284573555
287.9368382830175,197.86759013084463,91.32126262784004
286.2090853086243,200.87836182861483,119.84966877102852
286.0006831658968,204.3603510322384,93.42515018582344
286.33640294698665,207.7719990794867,84.37996032834053
285.3762112315746,211.1210186566141,105.99803665280342
282.9297312084719,213.61208408064226,134.48264053463936
279.7207368796231,214.58812240555997,163.0824902355671
276.3066130688469,213.9104178341883,191.22728660702705
273.47454482359393,211.95558743736458,214.61531379818916
271.9347765120456,208.9067716482894,243.20448234677315
269.19194195900644,206.76091124410533,218.03789833188057
265.8474411146836,205.95962522863127,193.47314766049385
262.4799165912572,206.86766519794907,164.90932396054268
259.11006345176054,206.09487865828228,192.9159462749958
255.6951620193724,206.72603705922745,169.5284893810749
252.98755607410138,208.90903224023518,141.12265899777412
251.6711463022239,212.08191642929387,112.5332558453083
252.0283006248343,215.5420714310588,84.10684707760811
253.98049375886717,218.41731324492835,55.82480552792549
256.9680047038185,220.2205552629415,31.11490562558174
258.7226412069859,223.22454856144424,59.71074226498604
258.8243229053452,226.66691720450171,88.30807235836983
257.2620752836712,229.78507766620146,116.61159256100655
254.42221543531574,231.76460530166227,145.1215298473835
252.0623942304459,234.33241442667284,132.5830653011799
248.7584085102006,235.45859472517665,161.17806270718575
245.3611862791407,234.87780127007633,189.7015669643879
242.64259671706296,232.73078511659253,218.30004528164864
239.20812923122773,232.1417967707143,189.7311842739582
236.49710417653827,229.99926432000404,218.31943920254707
233.0595607116488,229.39635484423349,189.9479048550129
230.31739721960116,227.26124265781726,217.90515354275703
226.8714148016013,226.68420050673726,189.5061857998371
224.1212968061066,224.52820945873196,218.09513691067696
220.68783041676053,223.87648130522985,190.74781253933907
218.01029754207346,221.68132431884553,219.34637859463692
216.7019762679907,218.45232500197167,247.94326427578926
214.0251800864839,216.22378393780886,219.77874973416328
212.74504944079277,212.99457639577878,248.37550953030586
210.15488332835747,210.66992191021882,221.90773609280586
208.99073901061746,207.382519717778,250.49978092312813
209.5371601351397,203.9696176976342,279.0961172878742
208.37285025962447,200.6708026576116,250.559622079134
205.78118939610943,198.34049481786187,221.9604895412922
202.42102039127573,197.54134583543137,193.37811496853828
199.0653325826034,198.45402349807276,164.78477695584297
196.52931937039472,200.8603744673137,136.5028021633625
195.47508985800425,204.1084993404338,107.98164585232735
196.1157630412331,207.539966301204,79.42433574795723
195.03705588725836,210.85741838483077,108.01252201199532
195.6773229197547,214.2928983581238,79.44295719265938
194.63168421870375,217.5028665966633,108.04288318753242
194.88689713009626,220.93905499408038,85.75232151150703
194.83372648667952,224.3281611985641,90.89882209897041
193.15044498267707,227.3065017401905,119.47401741147041
190.21171497604632,229.13817717594972,148.0652039349079
188.50271145762036,232.14376097221145,119.6229718029499
185.55182369041415,233.97196816439367,148.2199299633503
183.27726388826704,236.59690116710584,130.90961959958076
180.03851553056825,237.81374218103196,159.40812996029854
177.71567309354833,240.4212851474975,131.6951783001423
174.46524942347105,241.58602057878855,160.28570106625557
171.83439832300834,243.85917214850244,139.17178466916084
168.43272269888848,244.59639585585245,167.77175644040108
165.70316975599246,246.75129756023975,141.70994690060616
162.42809426472016,247.31058244045542,170.30907753109932
159.8403828080542,249.3525262287901,141.72329261898994
156.41883961730775,249.94993148375235,170.09593132138252
153.67694227101455,252.11900628740042,141.652995377779
150.34133286864812,252.6919938299556,170.25291946530342
147.59585500485233,254.8484274433857,141.85216262936592
144.16747602436615,255.4343580528964,170.30150917172432
141.34872496161748,257.477086230619,144.06943252682686
137.90672745880363,257.92087363926595,172.65320900082588
134.76829375432328,256.70021941631893,201.25291946530342
132.5522485574908,254.0730078206494,229.85246780514717
129.33341193435822,252.7277246407342,202.68204048275948
127.15865131071246,250.01987274615638,231.23096206784248
124.84668595125684,247.50003491190688,227.46344378590584
123.98267679820223,244.13588376637546,255.59613421559334
121.7751634028619,241.43953174468558,230.69268611073494
121.20397059340674,238.42088864136156,259.2850780785084
119.13303054776952,235.60931067468877,233.62554171681404
118.65728197306953,232.17138312555386,262.12131121754646
118.49876087776417,228.69670765395387,267.387872248888
117.33956825942748,225.40021445716482,250.62607339024544
116.81127733070146,221.9597430452325,261.27030804753304
115.56780926366748,218.69221665031725,249.16551068425179
112.93693982999557,216.43429319889475,220.63758900761604
110.12458743125595,214.401176188012,215.86406901478767
107.52104108338293,212.14820233670255,220.8712115585804
105.0639951908584,209.66382364941379,225.31692031025887
103.43044932737499,206.57789992024783,242.105317145586
100.57518685041859,204.5815250378539,214.9609136879444
97.22788862096283,204.2083757433149,186.36094191670418
94.00047269516132,205.52643282606115,157.78519347310066
91.78410353604241,208.19664925725465,129.69381049275398
91.08208186610351,211.5940372990333,101.67503646016121
92.07752492299859,214.89467654579846,73.2171621620655
91.37820169424755,218.26284185847075,101.72951605916023
91.78508944573959,221.73349172873924,83.31335166096687
90.56180654691549,224.8203463613084,111.6178198158741
87.92893446462621,227.01295395488603,140.21308806538582
86.62393104320924,230.2524273769981,111.94176009297371
85.16617140365486,233.41649024220425,114.73665741086006
84.22608674958117,236.7735975385945,105.64374378323555
84.3816225564657,240.23058132055564,87.42389896512032
85.37621920252211,243.520213800097,73.17768695950508
84.82388215910143,246.96888357123262,99.09918430447578
83.14261766451322,249.98500534683225,119.13642910122871
82.80436395150208,253.46234256868954,95.5558970272541
80.90959189504638,256.38670477608144,122.94027546048164
80.41016751023017,259.83661888406874,98.23715999722481
79.67049200943228,263.213972422451,102.3533242046833
77.40983656994085,265.8190786043306,130.95074585080147
74.1558042834139,267.0324497764293,159.5504029095173
70.84056968865468,266.5576895143035,188.14966896176338
68.04896924617552,264.473176899753,216.74902084469795
66.62426113025039,261.3687797924479,245.3480809032917
66.8610783129911,257.93340920452084,273.94344452023506
65.4821865597803,254.7448043604422,246.6142399609089
65.78640165622724,251.3258756876398,275.08476760983467
64.67133105289707,248.06462274877043,251.12368324398994
65.23797618542595,244.75767238424416,279.7231915295124
65.48551211197844,241.28564399366803,274.07796409726143
67.35972679635185,238.35662799125188,302.61430862545967
67.62283402922795,234.86905117578237,274.31429412961006
69.0365162966343,231.67649494191843,293.8840382397175
68.76331200142134,228.20816580169446,265.49604538083076
66.95785277653044,225.2153469871214,238.89894035458565
66.8063259622396,221.7630552483029,267.4868061840534
65.33032620134469,218.63206850196656,244.76002243161201
62.59209662933129,216.53457824612977,217.45219925045967
59.18101405003033,215.89698424154616,190.58745887875557
55.872468874749046,216.97155755397048,162.00686386227608
53.51109700809538,219.46560180678526,133.43480423092842
52.61536805121636,222.81180185142193,104.9858982861042
50.286925700263325,225.25918151431614,133.57339790463448
49.48369229105799,228.25412011098874,105.01324394345284
50.29277773432943,231.63834037572846,76.55434158444405
52.63111409659492,234.23400308627532,47.98548248410225
55.899360965503504,235.3867448861896,19.42823150753975
59.148085417466326,234.90548612541423,351.57361343503
62.47868286310332,235.85402336624756,15.89668396115303
65.88397011923355,235.14737077158557,348.2765839397907
69.18414355262613,236.13989184294584,16.73856285214424
72.49982880171889,235.4528785614956,348.2939045727253
75.72678208305778,236.43290221909487,16.8935025036335
79.06271083241406,235.74691304578687,348.3798725903034
82.37177171880995,236.75721167668175,16.978101044893265
85.73513909372967,236.6552504059477,358.2635968029499
88.81884842962609,238.21619841266744,26.84815338253975
91.70475091067847,239.9734357691253,31.337399274110794
93.4310726739492,242.95530056348292,59.931719571352005
96.35838246438337,244.81739030230148,32.46082952618599
97.97648398616435,247.74379835576485,61.06043699383736
100.50275475266851,249.35232757359245,32.485756665468216
103.94990987525877,249.59158367597018,3.9703510105609894
107.10393608345306,248.15214987335668,335.4690025150776
109.22688533524077,245.38597982737815,307.50511434674263
109.76782501852269,241.93378208353664,278.90550687909126
108.61915394604495,238.64673447657322,250.73784139752388
109.18003001724915,235.23204942139,279.32777670025826
108.03653735714903,231.95631677784436,250.75692823529243
108.6047490703136,228.50471848534946,279.3483436405659
110.7506089173627,225.75178382883306,307.93573263287544
111.31922400447634,222.30109091507222,279.3572738468647
113.45023012867118,219.5684331793252,307.94814375042915
114.01793433750676,216.12022352950038,279.3491580784321
116.15306167985352,213.3820032077271,307.94532468914986
116.72165247258886,209.93006454181838,279.3535640537739
115.56852517379647,206.6269908356607,250.75553014874458
116.13341748903815,203.18758663849303,279.3270633518696
118.27979856771303,200.43304748045963,307.92629316449165
118.28588588465621,200.43033507402302,335.9830482304096
119.86493067280999,200.55351906122615,4.460707455873489
122.51486268743797,202.27213402655934,32.96544912457466
124.13012179938625,205.17032490334373,60.86760786175728
126.12970968927179,207.38704412449346,47.948013097047806
128.77238349926003,208.92094801587479,30.13243654370308
131.99594322372278,210.1710735483598,21.196741849184036
135.10666465518,210.58951395887354,7.661186009645462
137.95626621065065,212.1995639488986,29.466830998659134
141.23364666946077,212.53288417610122,5.807199269533157
144.49097870513086,213.6567413719414,19.035654813051224
147.9734020132495,213.46563150484047,356.8588493168354
151.0413915139368,214.79685151555591,23.45632627606392
153.76107453822283,214.56574504583577,355.1429298222065
156.9861609350883,215.7500493061273,20.16405752301216
159.87742481240315,215.40581318496203,353.2102821171284
162.9668070407806,216.57461985238953,20.72314527630806
166.26331460176556,216.252448987226,354.41815450787544
167.96206908793937,216.96399170495573,22.72692945599556
171.31067754272325,217.05484178360564,1.5540931522846222
174.40850509207183,218.45606952493392,24.338473111391068
177.7840330286996,218.20608017162405,355.76444509625435
180.66078278901492,219.49223365976184,24.08873251080513
184.04072148269773,219.23345605048715,355.62181547284126
187.0984700749802,220.59493288636025,24.00124242901802
190.56460907992826,220.31729285767906,355.4203479588032
193.78103142909248,221.68069960667262,22.971564084291458
197.23501904787173,221.34057924866525,354.376112729311
200.4260421086007,222.6912476212928,22.941544324159622
203.88238749238695,222.3508659297954,354.37563398480415
207.08713017816973,223.70839875490233,22.95757368206978
210.56582387538563,223.3650921688422,354.3638236820698
213.91250397428658,224.31438495518967,15.836098462343216
217.3164551880129,223.54472324885947,347.2591884434223
219.9410241166638,221.2356709982921,318.6592166721821
223.3198081112756,220.47163312854818,347.2581126987934
225.9377167127097,218.16881417443352,318.6638267338276
227.13653671375735,214.89160193462905,290.09276273846626
229.7560881934228,212.5895852943435,318.69155195355415
230.96011039680113,209.30982943148746,290.15855291485786
230.4509534787092,205.8788522061526,261.55891302227974
231.63883361166404,202.64279494768095,290.1569927036762
234.25674077056058,200.3473272800262,318.7546432316303
237.64192153214384,199.5848703629843,347.306870251894
240.95096136735742,200.429173702712,14.313650876283646
244.3400248027847,199.59602840145246,346.18865659832954
246.90436961669573,197.2646761572781,317.72472456097603
250.27264452448267,196.44463403453798,346.316937237978
253.53033433318814,195.19525631103326,339.0173580944538
256.98650992041456,195.44731131114796,4.171132355928421
260.1708149316437,194.03315621823097,336.0539143383503
263.6301471215666,194.31476016851795,4.65385177731514
266.5254117189817,196.20726393101816,33.17083290219307
268.89196701713666,198.7127541520342,46.63344696164131
272.10250667215684,199.7580903574758,18.034999161958694
275.51219844288937,199.1222222996634,349.43634536862373
278.2541285952806,197.03563642443237,322.72916916012764
280.8701311762923,194.76564304814804,319.05072501301765
283.32162453932557,192.45607408787217,316.7074470818043
286.6424559957592,191.52084974548234,344.2715301811695
289.15114496722487,189.10132252965428,316.036487609148
292.03801252245546,187.1862778655432,326.44112780690193
294.3389794162604,184.63347551682946,312.0298996269703
297.6215451259538,183.4673172981953,340.4420032799244
301.0615366366856,183.99802250960124,8.770172148942947
303.83830289109034,186.1143492393013,37.313024550676346
306.214619184767,188.66021173967846,46.972793608903885
309.4686748501827,189.8743750372066,20.461706191301346
311.96379783917394,192.3217393587616,44.4463749229908
314.5403303694443,194.6301954001073,41.85889533162117
317.89139543626004,195.49696144999578,14.501950293779373
321.3025087727626,194.7307082140269,347.3395586311817
324.791218364135,194.6510343011475,358.69172671437263
328.16123479363074,193.7573322953252,345.14748480916023
331.46094637512834,192.60846435948028,340.8033018410206
334.77279559992144,191.70184381718678,344.6903250515461
337.26459055023923,189.3254419128063,316.3578532040119
338.4784771465311,186.1354637862956,290.83338764309883
339.71477959856554,182.86298013831205,290.6959234327078
339.2431187818504,179.45140024144987,262.12859021127224
337.2598836434697,176.6818669333028,234.39392720162868
334.29734861672836,174.86225787605022,211.55852757394314
331.31733789106073,173.15664598041346,209.78470395505428
328.14527855757245,171.80751862202698,203.0408222526312
324.76775209399693,171.0385022005457,192.82679484784603
321.31530225965275,171.54002726810268,171.73466227948666
318.0583122350729,170.34212784144415,200.19318889081478
314.88720693584355,168.94538913750358,203.77147601544857
311.755238106301,167.43606574011565,205.72982715070248
309.71434355427573,164.59551040363664,234.30334590375423
308.02344033557375,161.54240369031356,241.02098439633846
305.71972281700727,158.9179032255354,228.72418950498104
303.0372598272015,156.80674508722822,218.203533872962
301.24399038065826,153.85048560319268,238.7589652389288
298.4876216456474,151.72465994590343,217.64089654386044
295.2118308385344,150.63654908205692,198.3748042434454
291.75128209493295,150.90323372467094,175.5932528823614
288.43275865107387,149.86005134448183,197.45061181485653
284.94551600598425,149.91311485753945,179.1282279342413
281.83434842389295,148.3784681411218,206.2557570785284
279.3879354999034,145.91702495390746,225.17546723783016
278.41955700142535,142.60440874822717,253.70475266873837
278.95141640767673,139.15373981390707,278.7621753066778
279.8148090743547,135.765552682497,284.2961032241583
279.0580353899963,132.37678633097337,257.41135857999325
279.4308431511773,128.95224308196475,276.2129523605108
278.1060443193726,125.73529559196763,247.6172244399786
275.45671180656996,123.58104247781829,219.11561273038387
272.1801915147688,122.97238794846065,190.52345345914364
268.86056681129253,124.04644770911848,162.0710875838995
265.4238870588594,123.4310426754473,190.15233300626278
261.9827228346911,123.97257819858525,171.0567176192999
258.6770873303518,122.87259872205256,198.40531991422176
256.1921873801628,120.41670776970382,224.66360162198544
253.597801381279,118.09177323471627,221.8648068755865
250.84228654163815,116.08336702155135,216.0871050208807
247.49986605442228,115.07120609589002,196.84750579297543
245.10501110458367,112.6394164680684,225.43843291699886
244.21292407918003,109.52127854467727,254.0343820899725
244.95807331352393,106.19567571045394,282.62935088574886
247.19260733756116,103.64502549349199,311.22044967114925
250.43954029562715,102.44289208198984,339.6836035102606
253.5768122816001,102.89963804124584,8.283323511481285
256.30519051374955,104.94691192669237,36.883203729987144
257.6979075291811,108.00032624542135,65.48142074048519
257.4553261473605,111.41989918177667,94.05771277844906
258.8925404042854,114.59788606112537,65.66559241712093
258.6339283969607,118.06555190947059,94.26511596143246
260.04530360359234,121.22115496735556,65.90293906629086
259.77411039608467,124.66590043631959,94.50141929090023
261.19416337189494,127.86129178067027,66.03932212293148
260.91562442428943,131.29534058723218,94.63716338574886
262.2023223242281,134.52320929989924,68.26671050488949
264.28195371720557,137.15253343439755,51.658201441168785
264.8826828550869,140.581840761151,80.0640222877264
267.0141603729517,143.2737924250829,51.62794707715511
270.22579212290424,144.64403015433933,23.10544417798519
272.3803420968239,147.37181997717298,51.69648955762386
275.07390250488123,149.579430025138,39.33763812482357
276.3774275483115,152.7954207461332,67.93600200116634
276.02626833931606,156.247488008379,95.80839465558529
277.3680631453645,159.44712432278146,67.24884341657162
280.09037902480196,161.63067948098225,38.732915148139
281.453984789798,164.84792691278122,67.03071139752865
284.1579380484347,167.0194101651296,38.76715396344662
287.58769531598364,167.63986359311033,10.25408099591732
290.8779062485154,166.55019573292444,341.6759140342474
293.24527597455483,164.01862063202296,313.08024905622005
296.14107717598034,163.05978419531368,341.6796390861273
299.5462243104634,163.67643589587283,10.264676317572594
302.2304872542704,165.83849592844652,38.849971041083336
303.5655432316463,169.0506505015073,67.43094371259212
306.2824581770248,171.24524719384777,38.929654344916344
307.53557875560597,174.27400099823683,67.5230991691351
310.18749181215503,176.534659249003,40.44637034833431
311.413210572759,179.6846090142634,68.73783038556576
310.98643844782856,183.13204915275642,97.05696605145931
312.2408657106823,186.37358378361168,68.84427951276302
311.7960101582578,189.8230678421714,97.34847186505795
312.72736860286324,193.00482520974575,73.68428348004818
311.98545276357044,196.41266508217493,102.28212855756283
312.8746247314263,199.78362413534217,75.22341845929623
312.1716050346279,203.0533683302917,102.1342937797308
313.10754028761147,206.3486374372267,74.14418528974056
312.6278588799951,209.68757093040205,98.17534945905209
313.6006291881845,213.0123086684389,73.69128535687923
315.0461955232004,216.19683524113836,65.5850651115179
314.8070947992142,219.48464708588972,94.15941928327084
314.2070908682676,222.88593058881176,100.00434373319149
312.0867721984365,225.64487001657838,127.54324029386044
311.03172391143977,228.96912504837601,107.60833810269833
308.56806744912063,231.42960660567596,135.0369422286749
307.24242453273376,234.6657040562898,112.27608941495419
305.76229821196495,237.80388962109615,115.25092481076717
305.9229460169375,241.29338872389226,87.36410687863827
305.75661902059096,244.77353194630894,92.7362634986639
304.787699113118,248.10943164950663,106.19606326520443
302.6276416392106,250.8465042666461,128.2799827903509
299.4210527235409,252.2258359936964,156.72477839887142
296.4819607412405,254.11595147298056,147.25513003766537
293.1527851658787,255.04267211830037,164.44474337995052
290.3014306598723,257.02880966078436,145.14050029218197
287.1201145429547,258.45201167067546,155.8980409950018
283.6916721478884,259.1041430982544,169.23030112683773
280.7284295153984,260.96101686289785,147.92727111279964
279.018432602232,264.0006054255901,119.36102317273617
278.9708850935497,267.48806903671255,90.78111289441586
277.26787280352113,270.51281137804784,119.380695566535
277.1801726064211,273.99552300809415,91.44249366223812
275.44116717504545,277.00622057499794,120.01110862195492
272.48544270857104,278.80963609973537,148.61082480847836
269.5461482428471,278.953057270622,177.2065012305975
266.40265685816007,277.4338037943273,205.79453872144222
264.3750330901964,274.6028152319675,234.3888285011053
263.9474708127698,271.13032405861145,262.98059295117855
265.21038952314586,267.9368243431425,291.5770838111639
264.7846126250454,264.47978499244755,262.97867988049984
266.0691046003552,261.23178396464,291.5773870795965
265.6414732430426,257.75937696688044,262.97930167615414
266.9215897106994,254.5225596957659,291.578111872077
266.4970413483199,251.07528339791915,262.9791071265936
264.47233882633424,248.2433797498435,234.4366857856512
264.049177287585,244.7796346803715,263.0347597450018
262.10533573144124,242.04267516873597,234.61689399182796
259.9621263984713,239.45827188683526,230.3315594047308
258.63521039662106,237.18336846841078,239.74564860761166
257.31997122803904,234.68914760119,242.1966624110937
256.42721156346016,231.5940376638321,253.91021774709225
254.60707131052726,228.75133884810245,237.36913345754147
252.2467019347564,226.2348313257585,226.83375595510006
251.37356423892587,222.87523318688372,255.43149994313717
249.21164580194335,220.4974603717323,227.72226379811764
248.3836377403575,217.10829510761678,256.27098320424557
249.27657492968348,213.74476144753814,284.86770294606686
248.45858872517547,210.3586608155336,256.4191479533911
249.36026032001482,206.97834306935405,284.93542908132076
248.5343259367023,203.58055991442617,256.33750389516354
249.4361443863223,200.20002693752457,284.9368443340063
248.61239217843888,196.80992535104627,256.342529758811
249.51195287347602,193.43904799922979,284.94189117848873
248.68611826721033,190.03993651975836,256.34423111379147
249.58364804836222,186.6734888100557,284.9284043163061
248.75818192503166,183.27556413959377,256.3455071300268
246.41149716875006,180.69232087602188,227.74718330800533
245.5919278639412,177.3197567262611,256.34127090871334
243.25323769524633,174.74572545798696,227.7426247447729
242.4299904414602,171.35772459104547,256.3424420207739
240.65854029816194,168.3872134603504,239.1904644817114
237.6744090346716,166.62138094416056,210.61453865468502
235.88904157823455,163.6799554234487,238.7433571666479
232.8805532528379,161.93285211837983,210.14479111135006
231.0667569118184,158.94477854312032,238.74174927175045
228.11928465526742,157.0772248905723,212.3588356822729
224.6339159274009,156.81276509278152,184.33912514150143
221.72283375050014,155.02849461108718,211.50510834157467
218.24855593677268,154.85168197496543,182.91337822377682
215.26688037940164,153.02361290024467,211.51251457631588
211.77998477224335,152.84315020648583,182.96267364919186
208.62846394764532,154.33407133701786,154.68211029469967
205.14549923416845,154.1343530289323,183.28183029592037
202.1812331551329,152.2905743851645,211.88168381154537
200.36468523442068,149.3518932176982,238.27768562734127
197.34799972768405,147.62915541427625,209.72938011586666
194.00245625846102,146.90563834382218,192.2030262798071
191.03662287546166,145.05786924407437,211.92367027699947
187.86964308422813,143.6364439313486,204.1718196719885
185.62341602395878,141.00611734263072,229.503578171134
182.390641860678,139.68394922613453,202.24400709569454
180.18538954012755,136.9761006540488,230.84087751805782
176.96011206659819,135.64636893715223,202.40559194982052
173.78530423865442,134.18681007095262,204.6897272914648
170.29601203963318,134.41671221009034,176.23035000264645
167.17387403438647,135.85904168633567,155.2045492976904
163.69154322051165,135.6276752777256,183.80115078389645
160.47201854968458,136.9651264494349,157.4410815089941
157.12342426318074,136.71547386729858,184.26376675069332
153.77565556443187,135.97553949683686,192.463322147727
151.02852367435335,134.1277834145991,213.9252819865942
147.97132415587853,133.51604953915196,191.31522987782955
146.82098964240961,132.5562329735245,219.84095810353756
145.90054671071712,130.35154115826083,247.3398156017065
145.80305998270674,126.86509656276162,268.3983330577612
144.1645553749164,123.84928069614817,241.48459289968014
143.5186499978617,120.55660871495006,258.90152786672115
142.69565720993,117.51519911347508,254.85861013829708
141.34672403379008,114.32692301892659,247.06718109548092
139.61840869693376,111.31900442311684,240.11882160604
137.23112782094609,108.77479725577334,226.82261036336422
135.1702314945948,106.20212688954572,231.30273054540157
132.14979708775763,104.57124536361606,208.36679838597775
130.04240221528767,102.01429043212218,230.50528524816036
128.56401871039745,99.15292418521534,242.6759357303381
127.7109727050118,95.9045718104783,255.2858629077673
127.70709825318,93.81901818700386,269.8935584872961
128.71535870375246,90.726612331347,288.0582485049963
130.94352641495536,88.6119729057855,316.49746702611446
134.2669673753519,87.71123469134038,344.83565901219845
137.66698147683874,88.37777285247674,11.091592773795128
140.73153977526536,90.04277913351447,28.515691742300987
143.81275408671405,90.47231615320285,7.9361781924963
146.76709138074523,91.66948498590013,22.058979973196983
150.11499318064372,91.84952548329136,3.0782365649938583
153.36530420478428,91.15304440896637,347.9054813235998
156.1908525740522,91.5213815401001,7.4271678775548935
159.41227063273257,90.60454709666564,344.1133365482092
162.76801985861215,90.95829228027353,6.0175914615392685
165.94928052852785,89.64507750803827,337.56931303441525
169.0048201101139,89.92757260111534,5.282175049185753
171.36044424707995,89.95792707975859,0.7382702678442001
171.90036712559865,90.16966349755388,21.41314934194088
173.58272308374137,90.07361853622137,356.7325558513403
176.75206325030294,91.31029946728307,21.31579826772213
179.30141724072192,91.06215418554054,354.4405407756567
182.49545483039236,90.61317808069353,351.9985329955816
184.95107391035745,89.62960403874462,338.17191575467587
185.89891244589535,89.54074494529145,354.6442210525274
188.75972457256577,89.9813233154164,8.755033239722252
191.89978043906774,90.30115344879212,5.815800413489342
195.0699811731725,90.29588232760052,359.90473388135433
197.60143491241706,89.96223978478137,352.4917609542608
199.7694084597721,88.77939887953504,331.38322900235653
202.70783142696214,88.45255755611582,353.65306924283504
205.62677190503592,88.21475405273836,355.3424496501684
207.43103263544344,88.14425332822597,357.76233004033566
209.3182266754442,88.28349003735521,4.219623073935509
212.08237610901574,88.28629614782506,0.0581655353307724
214.85057706619435,89.0873157073772,16.13857553899288
217.40887876905052,90.43059524291115,27.702477440238
218.46198063317493,91.2357322664218,37.39930818974972
220.6591403526598,91.84488880288653,15.495888695120811
222.02263175359428,92.03297044996627,7.853885158896446
225.20395369049442,91.84810055208611,356.674223408103
228.14865478464915,91.2352456066385,348.2433562129736
231.01287860829618,89.60892117248824,330.4118151515722
234.11587644136534,89.52548807456152,358.45980785787106
235.7078263879305,89.93587213971004,14.455387577414513
238.6572464782897,90.91576634365752,18.37818168103695
241.53192505894995,91.81930260144891,17.44838283956051
244.16744213821224,92.8842266321987,22.001981243491173
246.13368450378837,94.24999219499416,34.784111484885216
248.17624545183043,97.0116617742182,53.512966617941856
249.6435387911494,98.54335690187762,46.230209335684776
251.95805290852496,100.69508233616523,42.912566646933556
253.03914151235142,101.65260912053786,41.531508311629295
254.73813329079218,102.5391091555269,27.55465494096279
255.27649178668958,102.59684770255771,6.121530398726463
258.6913804345491,102.43723518909215,357.3239325135946
261.29442065841056,101.01269537108469,331.3098753541708
262.4318639153677,99.91754571472417,316.0852650254965
265.29597760196214,98.22329548462804,329.39380346238613
267.36948397273005,95.8881745263847,311.6039646714926
270.0632014732943,93.99498720414604,324.89984403550625
271.9160702377766,93.73014051653227,351.8653172105551
275.16625529400574,94.7719661437487,17.772913798689842
277.3811419739696,94.55053272362953,354.2908218950033
280.8163786606676,94.96189807448535,6.828582629561424
283.8729734191223,96.26407058299132,23.0750063508749
286.8944621415616,97.23929726975936,17.888192519545555
290.34740162818383,97.6880169902841,7.404261931777
293.76115044853333,97.3114128339577,353.7045968621969
297.22245153047373,97.69227530263115,6.2792504876852036
300.5691826458451,96.73196902131997,343.98977218568325
303.2020493198365,94.65859852330212,321.77972923219204
305.806185922892,92.75349413007119,323.8119720071554
308.77288302419396,92.2592583932987,350.54169498384
311.54456152308154,92.12565614799843,357.24032770097256
314.8039560473502,93.17420550023967,17.833017215132713
317.3545251325442,95.23168448200646,38.89223276078701
319.9883122219641,97.18078616899112,36.50283609330654
321.38866855220493,99.55717198890407,59.49001108109951
321.61680041739857,101.9728056069348,84.60500131547451
323.0245676708485,105.04485410492616,65.38036523759365
323.3445828314813,108.45764588664825,84.64307771623135
324.9045332975871,111.4666475107677,62.59651552140713
324.9285624179084,114.67625576379633,89.57105623185635
326.31137757237445,117.35394404890536,62.68720804154873
326.3678317158654,120.26469061771036,88.88888345658779
328.0201328804045,123.20724046105948,60.68490968644619
328.07145772451213,126.5080032162454,89.10915742814541
328.7401889922685,127.71564333037284,61.02448831498623
328.8024166403065,131.18479657733658,88.97237192094326
330.4177785678732,134.14632876478672,61.389827594161034
330.4332404519582,137.63413228413205,89.74600206315517
332.0895061842333,140.66476409224705,61.34302507340908
332.0998784991269,144.15657617491357,89.82980524003506
333.77803533715274,147.2221023337654,61.302440509200096
333.78601511861467,150.6964319397767,89.86840425431728
335.01271242397644,152.94943341971063,61.43292413651943
337.415708295859,155.22363856232568,43.42271028459072
338.5348329989334,158.5185880745949,71.24002061784267
341.0875839898743,160.89228324598622,42.918453082442284
342.2142553761623,164.19761920209825,71.17758356034756
344.68599407342833,166.660005219012,44.891395434737206
345.66608449074744,169.96369866667098,73.47621713578701
347.95827441764067,172.59981953300456,48.992015704512596
348.6674131200878,175.80185152382512,77.51253114640713
350.0389201948191,179.00125971621335,66.79638467729092
349.7146481903615,182.47421190531765,95.33428178727627
351.0843594681427,185.68760439619066,66.91383157670498
350.74941452841944,189.16260126797175,95.50556741654873
352.0364356034496,192.39748044343844,68.30449090898037
351.6268715747084,195.78134420552894,96.90119348466396
350.46136132260403,199.07961926401498,109.46186147630215
350.64393892588225,202.5662577048196,87.00244794785976
349.1954616851377,205.7412187964868,114.52336774766445
349.42125842363373,209.22992015860282,86.29685102403164
349.98596806291005,212.68244272427478,80.71070943772793
349.15147171656,216.06984485758744,103.83940397202969
349.98208476233276,219.46762591157955,76.26302610337734
349.1802956592454,222.6682271939284,104.0638512223959
349.9737969499335,226.01737094954566,76.6708839982748
349.0577902582337,229.3867915337858,105.20879445970058
349.6175721397113,232.7992930165651,80.68424879014492
348.4725834976272,236.08327094091325,109.2215717881918
347.7502350678346,239.48479921783652,101.98922239243984
345.67698500928253,242.23715752704794,126.98936735093594
345.1440043396098,245.69030978874068,98.774144038558
343.38218532554447,248.6973387920356,120.36604772508144
343.2654631567692,252.12305663581043,91.95144544541836
342.9152113491466,255.58286251117428,95.78061734139919
343.3890618063558,259.0360449837458,82.18659172952175
342.17805521042214,262.2590426884998,110.59316788613796
342.6560318156912,265.7029641215135,82.09848175942898
341.473717529524,268.8352156105985,110.67975006997585
338.9470494188712,271.0100714542167,139.27943383157253
335.5903922486911,271.7372814370366,167.77594910562038
332.2957353635783,270.86134709506257,194.88853226602077
330.0577669969261,268.76117576733776,223.18066368997097
327.11754405738986,266.9163887153174,212.1054349988699
323.79719278287627,266.63830980524364,184.78734074532986
320.7947756824796,267.89402308985865,157.3036542981863
319.19200019158336,269.8453280598442,129.39922009408474
318.62936747869,270.9866247734159,116.24222432076931
318.55928539979357,272.79837886657845,92.21520482003689
318.77944577422966,275.96222849613343,86.01941929757595
317.86754270726254,279.2113462582866,105.67739926278591
317.1094085651614,282.16972828822,104.37366460263729
316.27917533382185,285.42217576576974,104.31976142525673
315.3367304519876,288.41912033251486,107.45672312378883
315.0136167837759,291.7716624868912,95.5050896704197
313.51466221265963,294.91197653865987,115.51637163758278
311.5789474082052,297.4729545802803,127.08380499482155
310.94123807704875,300.80725481420905,100.82748022675514
309.60133967734,303.60921763295937,115.55712309479713
307.0572527776796,305.5338648154085,142.8918437063694
303.87034058222974,306.01760864846244,171.36891546845436
301.03704873540653,306.6497356925842,167.42289677262306
298.00275826494516,306.48556036529664,183.0970634520054
294.8609547990671,307.6401318579134,159.8222831785679
293.1058973953288,307.3875174804846,188.19062080979347
289.9602646874279,307.0715304072763,185.73626890778542
287.1645358237949,306.39536484524587,193.59627428650856
284.1151195172472,306.368672287593,180.50151625275612
281.54322978952035,307.105737128936,164.00849524140358
278.50947050567703,306.5924580681401,189.60288420319557
275.3005604239468,307.44803609376305,165.07077208161354
271.86430204230953,307.1457342320522,185.0276030600071
268.542058438947,308.0064651869708,165.47510328888893
266.2405515381737,307.55721955144674,191.04504385590553
263.0748239338845,308.5532150187873,162.53547659516335
259.88832748224723,307.93523380986437,190.97555151581764
256.8102328433654,308.44733739806685,170.55419912934303
253.61325818591092,307.357810416135,198.8190783560276
250.28296376366532,306.98832993253245,186.33080664277077
247.21414856384555,306.00726630603805,197.72845831513405
244.3837923022967,305.41350244782296,191.84793320298195
241.31283779132383,306.0287679881314,168.67079010605812
238.18993185252714,305.1184435836451,196.25135841965675
234.94235699774993,304.02950304983545,198.53675737977028
231.67583289231985,302.9120330050279,198.885694116354
228.39072896354463,303.30506154922165,173.17758330702782
225.023648998151,302.5790848812455,192.16729125380516
221.61950810814463,302.4893103159864,181.51066359877586
218.47967227995477,301.93577085516216,189.99826011061668
214.98779207578198,301.91739071560323,180.30158385634422
211.98291242977595,300.3027311279433,208.25117644667625
208.49933841760472,300.3183354740927,179.74335059523582
205.40084832390986,298.80908232107146,205.9703937470913
201.93237412853577,298.96306837578436,177.45797118544579
198.82569055176373,297.45134931886577,205.94765624403954
195.3486723122229,297.6092195422662,177.40033301711082
192.22425650850903,296.0867296724742,205.97941169142723
188.76365333927424,296.23352148384396,177.5710845887661
185.3954012608318,295.74178444520504,188.30603274703026
182.10748146297743,296.89318840470924,160.7001424729824
178.66162357351692,296.3348628724344,189.2035375535488
175.4698712703041,297.44360349862853,160.84396037459373
172.03790501417848,296.92811063221023,188.5421606004238
168.75313169375437,298.1231113525888,160.00861033797264
165.2981851491154,297.6017222615651,188.58180102705956
162.0140124704688,298.79114062909116,160.09129390120506
158.56031141152584,298.269397979051,188.59058436751366
155.29866147963955,299.4568845096996,159.99467906355858
151.84816975708483,298.9355027377017,188.59259662032127
148.5686560486856,300.12895532869777,160.00297412276268
